method,label,n_train,lambda,excess_risk,fit_seconds,assemble_seconds,solve_seconds,operator_dim,operator_megabytes,n_features,feature_multiplier,filter,matrix_free
exact,exact tikhonov(lam=3e-02),150,0.03,0.0929237616808648,0.16776403298717923,0.05403245199704543,0.11195509802200831,900,6.48,,,,
exact,exact tikhonov(lam=1e-02),150,0.01,0.05291820274394166,0.13753191899741068,0.02222518200869672,0.11461135998251848,900,6.48,,,,
exact,exact tikhonov(lam=3e-03),150,0.003,0.031133675586764845,0.13977772198268212,0.023954888980370015,0.11499103598180227,900,6.48,,,,
exact,exact tikhonov(lam=1e-03),150,0.001,0.02434956890946069,0.13671546301338822,0.02004099197802134,0.1159978429786861,900,6.48,,,,
exact,exact tikhonov(lam=3e-04),150,0.0003,0.02704952393209831,0.15493029198842123,0.02841624300344847,0.12555063600302674,900,6.48,,,,
exact,exact tikhonov(lam=1e-04),150,0.0001,0.035273616798060146,0.14759758999571204,0.02126782402046956,0.12564890598878264,900,6.48,,,,
exact,exact tikhonov(lam=3e-05),150,3e-05,0.04814078197561866,0.1442759289930109,0.027517940994584933,0.11593568700482138,900,6.48,,,,
exact,exact tikhonov(lam=3e-02),300,0.03,0.09576751505854988,0.2228468369867187,0.07458918800693937,0.14256506599485874,1800,25.92,,,,
exact,exact tikhonov(lam=1e-02),300,0.01,0.054242510738442086,0.20672886999091133,0.06663184700300917,0.1347038809908554,1800,25.92,,,,
exact,exact tikhonov(lam=3e-03),300,0.003,0.029745714147019674,0.20103482902050018,0.06414011001470499,0.13034453598083928,1800,25.92,,,,
exact,exact tikhonov(lam=1e-03),300,0.001,0.021021334066612742,0.1898328469833359,0.05693208100274205,0.1278641250100918,1800,25.92,,,,
exact,exact tikhonov(lam=3e-04),300,0.0003,0.022667359880712307,0.19246384300640784,0.057755944988457486,0.12902356099220924,1800,25.92,,,,
exact,exact tikhonov(lam=1e-04),300,0.0001,0.02984539904485958,0.19017882097978145,0.06023361600819044,0.12438921400462277,1800,25.92,,,,
exact,exact tikhonov(lam=3e-05),300,3e-05,0.04069140779371288,0.2163438449788373,0.0717578070180025,0.13903474900871515,1800,25.92,,,,
exact,exact tikhonov(lam=3e-02),600,0.03,0.09354435651692539,0.6021648229798302,0.22025458101416007,0.35951674700481817,3600,103.68,,,,
exact,exact tikhonov(lam=1e-02),600,0.01,0.052175496350242524,0.4503361000097357,0.16202494999743067,0.2663002810149919,3600,103.68,,,,
exact,exact tikhonov(lam=3e-03),600,0.003,0.02847780019352369,0.5440497929812409,0.16283901000861079,0.3574918000085745,3600,103.68,,,,
exact,exact tikhonov(lam=1e-03),600,0.001,0.01967410438956766,0.463555414986331,0.1667163179954514,0.2740598430100363,3600,103.68,,,,
exact,exact tikhonov(lam=3e-04),600,0.0003,0.018023570062178695,0.45623492301092483,0.15634876801050268,0.2714426650200039,3600,103.68,,,,
exact,exact tikhonov(lam=1e-04),600,0.0001,0.02067286311913298,0.49705449599423446,0.16305592202115804,0.31056015798822045,3600,103.68,,,,
exact,exact tikhonov(lam=3e-05),600,3e-05,0.026295767450307247,0.4465660270070657,0.16867307701613754,0.2555524350027554,3600,103.68,,,,
random_features,"rf tikhonov(lam=3e-02), M=8",150,,0.1304478057808262,0.0012848559999838471,0.0011262549960520118,0.00014948000898584723,8,0.058112,8,0.6531972647421809,tikhonov,False
random_features,"rf tikhonov(lam=1e-02), M=8",150,,0.12579290265777016,0.0011175510007888079,0.0009851159993559122,0.0001258550037164241,8,0.058112,8,0.6531972647421809,tikhonov,False
random_features,"rf tikhonov(lam=3e-03), M=8",150,,0.1251706537518498,0.0011501580011099577,0.0010251830099150538,0.00012095700367353857,8,0.058112,8,0.6531972647421809,tikhonov,False
random_features,"rf tikhonov(lam=1e-03), M=8",150,,0.1251328888229178,0.0011677250149659812,0.0010447660170029849,0.00011865398846566677,8,0.058112,8,0.6531972647421809,tikhonov,False
random_features,"rf tikhonov(lam=3e-04), M=8",150,,0.1251363042386773,0.0010994299955200404,0.0009769620082806796,0.00011773701407946646,8,0.058112,8,0.6531972647421809,tikhonov,False
random_features,"rf tikhonov(lam=1e-04), M=8",150,,0.12513892319409864,0.001110910001443699,0.0009699520014692098,0.00013681699056178331,8,0.058112,8,0.6531972647421809,tikhonov,False
random_features,"rf tikhonov(lam=3e-05), M=8",150,,0.12514001447267878,0.0011388790153432637,0.0010067959956359118,0.00012806500308215618,8,0.058112,8,0.6531972647421809,tikhonov,False
random_features,"rf landweber(T=64), M=8",150,,0.12513899515617427,0.001443351007765159,0.0012766380095854402,0.00016232498455792665,8,0.058112,8,0.6531972647421809,landweber,False
random_features,"rf landweber(T=256), M=8",150,,0.1251405099858472,0.0015900220023468137,0.0010162479884456843,0.0005690519756171852,8,0.058112,8,0.6531972647421809,landweber,False
random_features,"rf tikhonov(lam=3e-02), M=12",150,,0.1102452213488634,0.0014374940074048936,0.0012787310115527362,0.00015465699834749103,12,0.087552,12,0.9797958971132713,tikhonov,False
random_features,"rf tikhonov(lam=1e-02), M=12",150,,0.08421476657521687,0.0011074779904447496,0.0009789119940251112,0.0001240379933733493,12,0.087552,12,0.9797958971132713,tikhonov,False
random_features,"rf tikhonov(lam=3e-03), M=12",150,,0.07834479912689045,0.0012198280019219965,0.0010966859990730882,0.00011860000086016953,12,0.087552,12,0.9797958971132713,tikhonov,False
random_features,"rf tikhonov(lam=1e-03), M=12",150,,0.07774091205865521,0.0011092799832113087,0.000995448004687205,0.00011006201384589076,12,0.087552,12,0.9797958971132713,tikhonov,False
random_features,"rf tikhonov(lam=3e-04), M=12",150,,0.07769172790380303,0.0011407790007069707,0.0010302580194547772,0.0001066919940058142,12,0.087552,12,0.9797958971132713,tikhonov,False
random_features,"rf tikhonov(lam=1e-04), M=12",150,,0.077694762985883,0.0010846839868463576,0.0009744230192154646,0.00010653201024979353,12,0.087552,12,0.9797958971132713,tikhonov,False
random_features,"rf tikhonov(lam=3e-05), M=12",150,,0.07769767913522106,0.0011794640158768743,0.0010707979963626713,0.00010487198596820235,12,0.087552,12,0.9797958971132713,tikhonov,False
random_features,"rf landweber(T=64), M=12",150,,0.07832333132662267,0.00190761499106884,0.0016045359952840954,0.0002978550037369132,12,0.087552,12,0.9797958971132713,landweber,False
random_features,"rf landweber(T=256), M=12",150,,0.07769931882528626,0.0016324699972756207,0.0010052639991044998,0.0006234610045794398,12,0.087552,12,0.9797958971132713,landweber,False
random_features,"rf tikhonov(lam=3e-02), M=24",150,,0.12486530943648788,0.001806682994356379,0.0016484590014442801,0.00015330500900745392,24,0.177408,24,1.9595917942265426,tikhonov,False
random_features,"rf tikhonov(lam=1e-02), M=24",150,,0.10148457240343758,0.0012805710139218718,0.0011553970107343048,0.00012064300244674087,24,0.177408,24,1.9595917942265426,tikhonov,False
random_features,"rf tikhonov(lam=3e-03), M=24",150,,0.09428825582874423,0.0012515510024968535,0.0011311359994579107,0.00011622498277574778,24,0.177408,24,1.9595917942265426,tikhonov,False
random_features,"rf tikhonov(lam=1e-03), M=24",150,,0.09360360284133325,0.001501151011325419,0.0013788020005449653,0.00011818599887192249,24,0.177408,24,1.9595917942265426,tikhonov,False
random_features,"rf tikhonov(lam=3e-04), M=24",150,,0.09367068866895902,0.0011938160168938339,0.001079221983673051,0.00011045997962355614,24,0.177408,24,1.9595917942265426,tikhonov,False
random_features,"rf tikhonov(lam=1e-04), M=24",150,,0.09372678867696672,0.0011907909938599914,0.0010711689828895032,0.00011558100231923163,24,0.177408,24,1.9595917942265426,tikhonov,False
random_features,"rf tikhonov(lam=3e-05), M=24",150,,0.09375062072927993,0.0012010950013063848,0.0010875789739657193,0.00010942399967461824,24,0.177408,24,1.9595917942265426,tikhonov,False
random_features,"rf landweber(T=64), M=24",150,,0.09757974733961719,0.0012843339936807752,0.001083484006812796,0.00019659398822113872,24,0.177408,24,1.9595917942265426,landweber,False
random_features,"rf landweber(T=256), M=24",150,,0.09373080326715104,0.002322590007679537,0.0013458800094667822,0.0009714269835967571,24,0.177408,24,1.9595917942265426,landweber,False
random_features,"rf tikhonov(lam=3e-02), M=9",300,,0.1658053191702783,0.0032424890086986125,0.003093513019848615,0.00014258301234804094,9,0.130248,9,0.5196152422706631,tikhonov,False
random_features,"rf tikhonov(lam=1e-02), M=9",300,,0.1614963019603065,0.0022012219997122884,0.002051269984804094,0.0001455160090699792,9,0.130248,9,0.5196152422706631,tikhonov,False
random_features,"rf tikhonov(lam=3e-03), M=9",300,,0.16077830874771118,0.0019931860151700675,0.001866617996711284,0.00012261699885129929,9,0.130248,9,0.5196152422706631,tikhonov,False
random_features,"rf tikhonov(lam=1e-03), M=9",300,,0.16070343232089068,0.0030810540192760527,0.0029392580036073923,0.0001371380058117211,9,0.130248,9,0.5196152422706631,tikhonov,False
random_features,"rf tikhonov(lam=3e-04), M=9",300,,0.16069397349952044,0.0031049590033944696,0.00296334401355125,0.0001372719998471439,9,0.130248,9,0.5196152422706631,tikhonov,False
random_features,"rf tikhonov(lam=1e-04), M=9",300,,0.16069297079018122,0.00259599499986507,0.002448280021781102,0.00014359800843521953,9,0.130248,9,0.5196152422706631,tikhonov,False
random_features,"rf tikhonov(lam=3e-05), M=9",300,,0.16069280222190002,0.0021536810090765357,0.002039273997070268,0.00011076100054197013,9,0.130248,9,0.5196152422706631,tikhonov,False
random_features,"rf landweber(T=64), M=9",300,,0.16066501108537024,0.002109264023602009,0.0019366240012459457,0.00016886900993995368,9,0.130248,9,0.5196152422706631,landweber,False
random_features,"rf landweber(T=256), M=9",300,,0.16069275680408188,0.0024091039958875626,0.0018704999820329249,0.0005350210121832788,9,0.130248,9,0.5196152422706631,landweber,False
random_features,"rf tikhonov(lam=3e-02), M=17",300,,0.16575591532684744,0.002195855980971828,0.00205947901122272,0.00013247501919977367,17,0.247112,17,0.9814954576223637,tikhonov,False
random_features,"rf tikhonov(lam=1e-02), M=17",300,,0.12336409789911168,0.0022215729986783117,0.002089418994728476,0.0001283349993173033,17,0.247112,17,0.9814954576223637,tikhonov,False
random_features,"rf tikhonov(lam=3e-03), M=17",300,,0.10720199847691338,0.002134499984094873,0.002013954013818875,0.00011673397966660559,17,0.247112,17,0.9814954576223637,tikhonov,False
random_features,"rf tikhonov(lam=1e-03), M=17",300,,0.10453212826703402,0.0022086740063969046,0.0020899119845125824,0.00011488801101222634,17,0.247112,17,0.9814954576223637,tikhonov,False
random_features,"rf tikhonov(lam=3e-04), M=17",300,,0.10405604784916204,0.0023291149991564453,0.002181591000407934,0.00014325600932352245,17,0.247112,17,0.9814954576223637,tikhonov,False
random_features,"rf tikhonov(lam=1e-04), M=17",300,,0.10397463049967476,0.0022844479826744646,0.002142265992006287,0.0001375860010739416,17,0.247112,17,0.9814954576223637,tikhonov,False
random_features,"rf tikhonov(lam=3e-05), M=17",300,,0.10395229668625228,0.0021349280141294003,0.002020184008870274,0.00011095899390056729,17,0.247112,17,0.9814954576223637,tikhonov,False
random_features,"rf landweber(T=64), M=17",300,,0.11134046207341339,0.0022751539945602417,0.002107999025611207,0.00016285700257867575,17,0.247112,17,0.9814954576223637,landweber,False
random_features,"rf landweber(T=256), M=17",300,,0.10394766990873343,0.00290814001346007,0.00196928100194782,0.00093502999516204,17,0.247112,17,0.9814954576223637,landweber,False
random_features,"rf tikhonov(lam=3e-02), M=35",300,,0.11044855973374514,0.002433447021758184,0.002273174002766609,0.00015638300101272762,35,0.5138,35,2.02072594216369,tikhonov,False
random_features,"rf tikhonov(lam=1e-02), M=35",300,,0.08149799465633005,0.0021586089860647917,0.0020150359778199345,0.00013985700206831098,35,0.5138,35,2.02072594216369,tikhonov,False
random_features,"rf tikhonov(lam=3e-03), M=35",300,,0.07261495669504747,0.0023048009898047894,0.0021646700042765588,0.00013639198732562363,35,0.5138,35,2.02072594216369,tikhonov,False
random_features,"rf tikhonov(lam=1e-03), M=35",300,,0.07120770156768602,0.0022610980086028576,0.002127101004589349,0.00013016597949899733,35,0.5138,35,2.02072594216369,tikhonov,False
random_features,"rf tikhonov(lam=3e-04), M=35",300,,0.0709590843136236,0.0033253250003326684,0.0031547939870506525,0.00016500998754054308,35,0.5138,35,2.02072594216369,tikhonov,False
random_features,"rf tikhonov(lam=1e-04), M=35",300,,0.0709176137493085,0.002276367013109848,0.0021416149975266308,0.00013102401862852275,35,0.5138,35,2.02072594216369,tikhonov,False
random_features,"rf tikhonov(lam=3e-05), M=35",300,,0.07090647636541525,0.002311907010152936,0.0021692529844585806,0.0001387959928251803,35,0.5138,35,2.02072594216369,tikhonov,False
random_features,"rf landweber(T=64), M=35",300,,0.07318333992502803,0.002847580995876342,0.002656722004758194,0.00018643299699760973,35,0.5138,35,2.02072594216369,landweber,False
random_features,"rf landweber(T=256), M=35",300,,0.07084948065415637,0.002958216005936265,0.0023370260023511946,0.0006168069958221167,35,0.5138,35,2.02072594216369,landweber,False
random_features,"rf tikhonov(lam=3e-02), M=12",600,,0.11103282598368325,0.004446205013664439,0.004286242998205125,0.0001554369810037315,12,0.346752,12,0.48989794855663565,tikhonov,False
random_features,"rf tikhonov(lam=1e-02), M=12",600,,0.08428305701985389,0.005936428002314642,0.005735407990869135,0.000194783991901204,12,0.346752,12,0.48989794855663565,tikhonov,False
random_features,"rf tikhonov(lam=3e-03), M=12",600,,0.07760589647524047,0.004396689997520298,0.004218165995553136,0.00017409800784662366,12,0.346752,12,0.48989794855663565,tikhonov,False
random_features,"rf tikhonov(lam=1e-03), M=12",600,,0.07668354797901054,0.004117608012165874,0.003956653003115207,0.00015615401207469404,12,0.346752,12,0.48989794855663565,tikhonov,False
random_features,"rf tikhonov(lam=3e-04), M=12",600,,0.07651386460467499,0.00481584100634791,0.004669168003601953,0.00014129100600257516,12,0.346752,12,0.48989794855663565,tikhonov,False
random_features,"rf tikhonov(lam=1e-04), M=12",600,,0.07648166185304499,0.004040371015435085,0.003900770010659471,0.00013564698747359216,12,0.346752,12,0.48989794855663565,tikhonov,False
random_features,"rf tikhonov(lam=3e-05), M=12",600,,0.07647216218943814,0.00807570299366489,0.007941340008983389,0.00013046400272287428,12,0.346752,12,0.48989794855663565,tikhonov,False
random_features,"rf landweber(T=64), M=12",600,,0.07713093577508352,0.00840567599516362,0.008231026004068553,0.00017026698333211243,12,0.346752,12,0.48989794855663565,landweber,False
random_features,"rf landweber(T=256), M=12",600,,0.07646849224186597,0.008597645006375387,0.007986206997884437,0.0006059379957150668,12,0.346752,12,0.48989794855663565,landweber,False
random_features,"rf tikhonov(lam=3e-02), M=24",600,,0.12518458467919763,0.012960027990629897,0.012761891004629433,0.00019103600061498582,24,0.695808,24,0.9797958971132713,tikhonov,False
random_features,"rf tikhonov(lam=1e-02), M=24",600,,0.10068294866389196,0.00889008998638019,0.008674497017636895,0.00021000500419177115,24,0.695808,24,0.9797958971132713,tikhonov,False
random_features,"rf tikhonov(lam=3e-03), M=24",600,,0.09255301852364263,0.004478174989344552,0.004305264999857172,0.00016733398661017418,24,0.695808,24,0.9797958971132713,tikhonov,False
random_features,"rf tikhonov(lam=1e-03), M=24",600,,0.09146864702830287,0.004415791016072035,0.004253541002981365,0.0001577660150360316,24,0.695808,24,0.9797958971132713,tikhonov,False
random_features,"rf tikhonov(lam=3e-04), M=24",600,,0.0913733569503956,0.00446396300685592,0.004303163994336501,0.00015583401545882225,24,0.695808,24,0.9797958971132713,tikhonov,False
random_features,"rf tikhonov(lam=1e-04), M=24",600,,0.09138050298647508,0.004310684977099299,0.004159796983003616,0.00014570000348612666,24,0.695808,24,0.9797958971132713,tikhonov,False
random_features,"rf tikhonov(lam=3e-05), M=24",600,,0.09138691409757242,0.004494880005950108,0.004329538001911715,0.00015996000729501247,24,0.695808,24,0.9797958971132713,tikhonov,False
random_features,"rf landweber(T=64), M=24",600,,0.09557114578581588,0.006374243006575853,0.006043304980266839,0.000325338973198086,24,0.695808,24,0.9797958971132713,landweber,False
random_features,"rf landweber(T=256), M=24",600,,0.09137196870745692,0.006098783982452005,0.00495748600224033,0.0011355770111549646,24,0.695808,24,0.9797958971132713,landweber,False
random_features,"rf tikhonov(lam=3e-02), M=49",600,,0.09686185423569613,0.005156651983270422,0.004916373989544809,0.00023464998230338097,49,1.430408,49,2.000416623272929,tikhonov,False
random_features,"rf tikhonov(lam=1e-02), M=49",600,,0.06144949272225505,0.005053477012552321,0.004852832993492484,0.00019550800789147615,49,1.430408,49,2.000416623272929,tikhonov,False
random_features,"rf tikhonov(lam=3e-03), M=49",600,,0.048707962073649524,0.004997216019546613,0.004786286997841671,0.00020523398416116834,49,1.430408,49,2.000416623272929,tikhonov,False
random_features,"rf tikhonov(lam=1e-03), M=49",600,,0.047013730856876296,0.0052978099847678095,0.005119231005664915,0.000172474974533543,49,1.430408,49,2.000416623272929,tikhonov,False
random_features,"rf tikhonov(lam=3e-04), M=49",600,,0.0469075164874416,0.006480581010691822,0.006297500018263236,0.00017815499450080097,49,1.430408,49,2.000416623272929,tikhonov,False
random_features,"rf tikhonov(lam=1e-04), M=49",600,,0.046936622712399546,0.006428558990592137,0.006200731993885711,0.0002219279995188117,49,1.430408,49,2.000416623272929,tikhonov,False
random_features,"rf tikhonov(lam=3e-05), M=49",600,,0.04695357792868868,0.005182066990528256,0.004965718981111422,0.0002098580007441342,49,1.430408,49,2.000416623272929,tikhonov,False
random_features,"rf landweber(T=64), M=49",600,,0.051886146020891755,0.004932501004077494,0.004741373006254435,0.00018653500592336059,49,1.430408,49,2.000416623272929,landweber,False
random_features,"rf landweber(T=256), M=49",600,,0.04685606755890838,0.005542207014514133,0.0048390029987785965,0.0006978999881539494,49,1.430408,49,2.000416623272929,landweber,False
